"id","country_id","calling_code_id","created_at","updated_at","deleted_at"
"1","1","1","2020-11-05 09:44:05","2020-11-05 09:44:05",NULL
"2","2","2","2020-11-05 09:44:06","2020-11-05 09:44:06",NULL
"3","3","3","2020-11-05 09:44:06","2020-11-05 09:44:06",NULL
"4","4","4","2020-11-05 09:44:06","2020-11-05 09:44:06",NULL
"5","5","5","2020-11-05 09:44:06","2020-11-05 09:44:06",NULL
"6","6","6","2020-11-05 09:44:06","2020-11-05 09:44:06",NULL
"7","7","7","2020-11-05 09:44:06","2020-11-05 09:44:06",NULL
"8","8","8","2020-11-05 09:44:06","2020-11-05 09:44:06",NULL
"9","9","10","2020-11-05 09:44:06","2020-11-05 09:44:06",NULL
"10","10","11","2020-11-05 09:44:06","2020-11-05 09:44:06",NULL
"11","11","12","2020-11-05 09:44:06","2020-11-05 09:44:06",NULL
"12","12","13","2020-11-05 09:44:06","2020-11-05 09:44:06",NULL
"13","13","14","2020-11-05 09:44:07","2020-11-05 09:44:07",NULL
"14","14","15","2020-11-05 09:44:07","2020-11-05 09:44:07",NULL
"15","15","16","2020-11-05 09:44:07","2020-11-05 09:44:07",NULL
"16","16","17","2020-11-05 09:44:07","2020-11-05 09:44:07",NULL
"17","17","18","2020-11-05 09:44:07","2020-11-05 09:44:07",NULL
"18","18","19","2020-11-05 09:44:07","2020-11-05 09:44:07",NULL
"19","19","20","2020-11-05 09:44:07","2020-11-05 09:44:07",NULL
"20","20","21","2020-11-05 09:44:07","2020-11-05 09:44:07",NULL
"21","21","22","2020-11-05 09:44:07","2020-11-05 09:44:07",NULL
"22","22","23","2020-11-05 09:44:07","2020-11-05 09:44:07",NULL
"23","23","24","2020-11-05 09:44:07","2020-11-05 09:44:07",NULL
"24","24","25","2020-11-05 09:44:08","2020-11-05 09:44:08",NULL
"25","25","26","2020-11-05 09:44:08","2020-11-05 09:44:08",NULL
"26","26","27","2020-11-05 09:44:08","2020-11-05 09:44:08",NULL
"27","27","28","2020-11-05 09:44:08","2020-11-05 09:44:08",NULL
"28","28","29","2020-11-05 09:44:08","2020-11-05 09:44:08",NULL
"29","29","30","2020-11-05 09:44:08","2020-11-05 09:44:08",NULL
"30","30","31","2020-11-05 09:44:08","2020-11-05 09:44:08",NULL
"31","31","32","2020-11-05 09:44:08","2020-11-05 09:44:08",NULL
"32","32","33","2020-11-05 09:44:08","2020-11-05 09:44:08",NULL
"33","33","34","2020-11-05 09:44:09","2020-11-05 09:44:09",NULL
"34","34","35","2020-11-05 09:44:09","2020-11-05 09:44:09",NULL
"35","35","36","2020-11-05 09:44:09","2020-11-05 09:44:09",NULL
"36","36","37","2020-11-05 09:44:09","2020-11-05 09:44:09",NULL
"37","37","38","2020-11-05 09:44:09","2020-11-05 09:44:09",NULL
"38","38","39","2020-11-05 09:44:09","2020-11-05 09:44:09",NULL
"39","39","40","2020-11-05 09:44:09","2020-11-05 09:44:09",NULL
"40","40","41","2020-11-05 09:44:09","2020-11-05 09:44:09",NULL
"41","41","42","2020-11-05 09:44:09","2020-11-05 09:44:09",NULL
"42","42","43","2020-11-05 09:44:09","2020-11-05 09:44:09",NULL
"43","43","44","2020-11-05 09:44:10","2020-11-05 09:44:10",NULL
"44","44","45","2020-11-05 09:44:10","2020-11-05 09:44:10",NULL
"45","45","46","2020-11-05 09:44:10","2020-11-05 09:44:10",NULL
"46","46","47","2020-11-05 09:44:10","2020-11-05 09:44:10",NULL
"47","47","14","2020-11-05 09:44:10","2020-11-05 09:44:10",NULL
"48","48","14","2020-11-05 09:44:10","2020-11-05 09:44:10",NULL
"49","49","48","2020-11-05 09:44:10","2020-11-05 09:44:10",NULL
"50","50","49","2020-11-05 09:44:10","2020-11-05 09:44:10",NULL
"51","51","50","2020-11-05 09:44:10","2020-11-05 09:44:10",NULL
"52","52","51","2020-11-05 09:44:10","2020-11-05 09:44:10",NULL
"53","53","52","2020-11-05 09:44:11","2020-11-05 09:44:11",NULL
"54","54","53","2020-11-05 09:44:11","2020-11-05 09:44:11",NULL
"55","55","54","2020-11-05 09:44:11","2020-11-05 09:44:11",NULL
"56","56","55","2020-11-05 09:44:11","2020-11-05 09:44:11",NULL
"57","57","56","2020-11-05 09:44:11","2020-11-05 09:44:11",NULL
"58","58","57","2020-11-05 09:44:11","2020-11-05 09:44:11",NULL
"59","59","58","2020-11-05 09:44:11","2020-11-05 09:44:11",NULL
"60","60","59","2020-11-05 09:44:11","2020-11-05 09:44:11",NULL
"61","61","60","2020-11-05 09:44:11","2020-11-05 09:44:11",NULL
"62","62","61","2020-11-05 09:44:12","2020-11-05 09:44:12",NULL
"63","63","62","2020-11-05 09:44:12","2020-11-05 09:44:12",NULL
"64","63","63","2020-11-05 09:44:12","2020-11-05 09:44:12",NULL
"65","63","64","2020-11-05 09:44:12","2020-11-05 09:44:12",NULL
"66","64","65","2020-11-05 09:44:12","2020-11-05 09:44:12",NULL
"67","65","66","2020-11-05 09:44:12","2020-11-05 09:44:12",NULL
"68","66","67","2020-11-05 09:44:12","2020-11-05 09:44:12",NULL
"69","67","68","2020-11-05 09:44:12","2020-11-05 09:44:12",NULL
"70","68","69","2020-11-05 09:44:12","2020-11-05 09:44:12",NULL
"71","69","70","2020-11-05 09:44:12","2020-11-05 09:44:12",NULL
"72","70","71","2020-11-05 09:44:12","2020-11-05 09:44:12",NULL
"73","71","72","2020-11-05 09:44:12","2020-11-05 09:44:12",NULL
"74","72","73","2020-11-05 09:44:13","2020-11-05 09:44:13",NULL
"75","73","74","2020-11-05 09:44:13","2020-11-05 09:44:13",NULL
"76","74","2","2020-11-05 09:44:13","2020-11-05 09:44:13",NULL
"77","75","75","2020-11-05 09:44:13","2020-11-05 09:44:13",NULL
"78","76","77","2020-11-05 09:44:13","2020-11-05 09:44:13",NULL
"79","78","78","2020-11-05 09:44:13","2020-11-05 09:44:13",NULL
"80","79","79","2020-11-05 09:44:13","2020-11-05 09:44:13",NULL
"81","80","80","2020-11-05 09:44:13","2020-11-05 09:44:13",NULL
"82","81","81","2020-11-05 09:44:14","2020-11-05 09:44:14",NULL
"83","82","82","2020-11-05 09:44:14","2020-11-05 09:44:14",NULL
"84","83","83","2020-11-05 09:44:14","2020-11-05 09:44:14",NULL
"85","84","84","2020-11-05 09:44:14","2020-11-05 09:44:14",NULL
"86","85","85","2020-11-05 09:44:14","2020-11-05 09:44:14",NULL
"87","86","86","2020-11-05 09:44:14","2020-11-05 09:44:14",NULL
"88","87","87","2020-11-05 09:44:14","2020-11-05 09:44:14",NULL
"89","88","88","2020-11-05 09:44:14","2020-11-05 09:44:14",NULL
"90","89","89","2020-11-05 09:44:14","2020-11-05 09:44:14",NULL
"91","90","90","2020-11-05 09:44:14","2020-11-05 09:44:14",NULL
"92","91","91","2020-11-05 09:44:15","2020-11-05 09:44:15",NULL
"93","92","92","2020-11-05 09:44:15","2020-11-05 09:44:15",NULL
"94","93","93","2020-11-05 09:44:15","2020-11-05 09:44:15",NULL
"95","94","94","2020-11-05 09:44:15","2020-11-05 09:44:15",NULL
"96","95","96","2020-11-05 09:44:15","2020-11-05 09:44:15",NULL
"97","96","97","2020-11-05 09:44:15","2020-11-05 09:44:15",NULL
"98","97","98","2020-11-05 09:44:15","2020-11-05 09:44:15",NULL
"99","98","99","2020-11-05 09:44:15","2020-11-05 09:44:15",NULL
"100","99","100","2020-11-05 09:44:15","2020-11-05 09:44:15",NULL
"101","100","101","2020-11-05 09:44:15","2020-11-05 09:44:15",NULL
"102","101","102","2020-11-05 09:44:16","2020-11-05 09:44:16",NULL
"103","102","103","2020-11-05 09:44:16","2020-11-05 09:44:16",NULL
"104","103","104","2020-11-05 09:44:16","2020-11-05 09:44:16",NULL
"105","104","105","2020-11-05 09:44:16","2020-11-05 09:44:16",NULL
"106","105","90","2020-11-05 09:44:16","2020-11-05 09:44:16",NULL
"107","106","106","2020-11-05 09:44:16","2020-11-05 09:44:16",NULL
"108","107","107","2020-11-05 09:44:16","2020-11-05 09:44:16",NULL
"109","108","108","2020-11-05 09:44:16","2020-11-05 09:44:16",NULL
"110","109","109","2020-11-05 09:44:17","2020-11-05 09:44:17",NULL
"111","110","90","2020-11-05 09:44:17","2020-11-05 09:44:17",NULL
"112","111","110","2020-11-05 09:44:17","2020-11-05 09:44:17",NULL
"113","112","111","2020-11-05 09:44:17","2020-11-05 09:44:17",NULL
"114","112","112","2020-11-05 09:44:17","2020-11-05 09:44:17",NULL
"115","113","113","2020-11-05 09:44:17","2020-11-05 09:44:17",NULL
"116","114","114","2020-11-05 09:44:17","2020-11-05 09:44:17",NULL
"117","115","115","2020-11-05 09:44:17","2020-11-05 09:44:17",NULL
"118","116","116","2020-11-05 09:44:17","2020-11-05 09:44:17",NULL
"119","117","117","2020-11-05 09:44:17","2020-11-05 09:44:17",NULL
"120","118","118","2020-11-05 09:44:18","2020-11-05 09:44:18",NULL
"121","119","119","2020-11-05 09:44:18","2020-11-05 09:44:18",NULL
"122","120","120","2020-11-05 09:44:18","2020-11-05 09:44:18",NULL
"123","121","121","2020-11-05 09:44:18","2020-11-05 09:44:18",NULL
"124","122","122","2020-11-05 09:44:18","2020-11-05 09:44:18",NULL
"125","123","123","2020-11-05 09:44:18","2020-11-05 09:44:18",NULL
"126","124","124","2020-11-05 09:44:18","2020-11-05 09:44:18",NULL
"127","125","125","2020-11-05 09:44:18","2020-11-05 09:44:18",NULL
"128","126","127","2020-11-05 09:44:18","2020-11-05 09:44:18",NULL
"129","127","128","2020-11-05 09:44:18","2020-11-05 09:44:18",NULL
"130","128","129","2020-11-05 09:44:19","2020-11-05 09:44:19",NULL
"131","129","130","2020-11-05 09:44:19","2020-11-05 09:44:19",NULL
"132","130","131","2020-11-05 09:44:19","2020-11-05 09:44:19",NULL
"133","131","132","2020-11-05 09:44:19","2020-11-05 09:44:19",NULL
"134","132","133","2020-11-05 09:44:19","2020-11-05 09:44:19",NULL
"135","133","134","2020-11-05 09:44:19","2020-11-05 09:44:19",NULL
"136","134","135","2020-11-05 09:44:19","2020-11-05 09:44:19",NULL
"137","135","136","2020-11-05 09:44:19","2020-11-05 09:44:19",NULL
"138","136","137","2020-11-05 09:44:19","2020-11-05 09:44:19",NULL
"139","137","138","2020-11-05 09:44:19","2020-11-05 09:44:19",NULL
"140","138","139","2020-11-05 09:44:19","2020-11-05 09:44:19",NULL
"141","139","140","2020-11-05 09:44:20","2020-11-05 09:44:20",NULL
"142","140","141","2020-11-05 09:44:20","2020-11-05 09:44:20",NULL
"143","141","142","2020-11-05 09:44:20","2020-11-05 09:44:20",NULL
"144","142","143","2020-11-05 09:44:20","2020-11-05 09:44:20",NULL
"145","143","144","2020-11-05 09:44:20","2020-11-05 09:44:20",NULL
"146","144","145","2020-11-05 09:44:20","2020-11-05 09:44:20",NULL
"147","145","146","2020-11-05 09:44:20","2020-11-05 09:44:20",NULL
"148","146","147","2020-11-05 09:44:20","2020-11-05 09:44:20",NULL
"149","147","148","2020-11-05 09:44:20","2020-11-05 09:44:20",NULL
"150","148","149","2020-11-05 09:44:21","2020-11-05 09:44:21",NULL
"151","149","150","2020-11-05 09:44:21","2020-11-05 09:44:21",NULL
"152","150","151","2020-11-05 09:44:21","2020-11-05 09:44:21",NULL
"153","151","152","2020-11-05 09:44:21","2020-11-05 09:44:21",NULL
"154","152","153","2020-11-05 09:44:21","2020-11-05 09:44:21",NULL
"155","153","154","2020-11-05 09:44:21","2020-11-05 09:44:21",NULL
"156","154","155","2020-11-05 09:44:21","2020-11-05 09:44:21",NULL
"157","155","156","2020-11-05 09:44:21","2020-11-05 09:44:21",NULL
"158","156","157","2020-11-05 09:44:21","2020-11-05 09:44:21",NULL
"159","157","158","2020-11-05 09:44:21","2020-11-05 09:44:21",NULL
"160","158","9","2020-11-05 09:44:22","2020-11-05 09:44:22",NULL
"161","159","159","2020-11-05 09:44:22","2020-11-05 09:44:22",NULL
"162","160","160","2020-11-05 09:44:22","2020-11-05 09:44:22",NULL
"163","161","161","2020-11-05 09:44:22","2020-11-05 09:44:22",NULL
"164","162","162","2020-11-05 09:44:22","2020-11-05 09:44:22",NULL
"165","163","163","2020-11-05 09:44:22","2020-11-05 09:44:22",NULL
"166","164","164","2020-11-05 09:44:22","2020-11-05 09:44:22",NULL
"167","165","165","2020-11-05 09:44:22","2020-11-05 09:44:22",NULL
"168","166","166","2020-11-05 09:44:22","2020-11-05 09:44:22",NULL
"169","167","167","2020-11-05 09:44:22","2020-11-05 09:44:22",NULL
"170","168","168","2020-11-05 09:44:23","2020-11-05 09:44:23",NULL
"171","169","169","2020-11-05 09:44:23","2020-11-05 09:44:23",NULL
"172","170","170","2020-11-05 09:44:23","2020-11-05 09:44:23",NULL
"173","171","154","2020-11-05 09:44:23","2020-11-05 09:44:23",NULL
"174","172","171","2020-11-05 09:44:23","2020-11-05 09:44:23",NULL
"175","173","172","2020-11-05 09:44:23","2020-11-05 09:44:23",NULL
"176","174","173","2020-11-05 09:44:23","2020-11-05 09:44:23",NULL
"177","174","174","2020-11-05 09:44:23","2020-11-05 09:44:23",NULL
"178","175","175","2020-11-05 09:44:23","2020-11-05 09:44:23",NULL
"179","176","176","2020-11-05 09:44:23","2020-11-05 09:44:23",NULL
"180","177","138","2020-11-05 09:44:23","2020-11-05 09:44:23",NULL
"181","178","177","2020-11-05 09:44:24","2020-11-05 09:44:24",NULL
"182","179","178","2020-11-05 09:44:24","2020-11-05 09:44:24",NULL
"183","180","179","2020-11-05 09:44:24","2020-11-05 09:44:24",NULL
"184","181","87","2020-11-05 09:44:24","2020-11-05 09:44:24",NULL
"185","182","180","2020-11-05 09:44:24","2020-11-05 09:44:24",NULL
"186","183","181","2020-11-05 09:44:24","2020-11-05 09:44:24",NULL
"187","184","182","2020-11-05 09:44:24","2020-11-05 09:44:24",NULL
"188","185","87","2020-11-05 09:44:24","2020-11-05 09:44:24",NULL
"189","186","183","2020-11-05 09:44:25","2020-11-05 09:44:25",NULL
"190","187","184","2020-11-05 09:44:25","2020-11-05 09:44:25",NULL
"191","188","185","2020-11-05 09:44:25","2020-11-05 09:44:25",NULL
"192","189","186","2020-11-05 09:44:25","2020-11-05 09:44:25",NULL
"193","190","187","2020-11-05 09:44:25","2020-11-05 09:44:25",NULL
"194","191","188","2020-11-05 09:44:25","2020-11-05 09:44:25",NULL
"195","192","189","2020-11-05 09:44:25","2020-11-05 09:44:25",NULL
"196","193","190","2020-11-05 09:44:25","2020-11-05 09:44:25",NULL
"197","194","191","2020-11-05 09:44:25","2020-11-05 09:44:25",NULL
"198","195","192","2020-11-05 09:44:25","2020-11-05 09:44:25",NULL
"199","196","193","2020-11-05 09:44:26","2020-11-05 09:44:26",NULL
"200","197","194","2020-11-05 09:44:26","2020-11-05 09:44:26",NULL
"201","198","195","2020-11-05 09:44:26","2020-11-05 09:44:26",NULL
"202","199","196","2020-11-05 09:44:26","2020-11-05 09:44:26",NULL
"203","200","197","2020-11-05 09:44:26","2020-11-05 09:44:26",NULL
"204","201","198","2020-11-05 09:44:26","2020-11-05 09:44:26",NULL
"205","202","199","2020-11-05 09:44:26","2020-11-05 09:44:26",NULL
"206","203","72","2020-11-05 09:44:26","2020-11-05 09:44:26",NULL
"207","204","200","2020-11-05 09:44:26","2020-11-05 09:44:26",NULL
"208","205","201","2020-11-05 09:44:26","2020-11-05 09:44:26",NULL
"209","206","202","2020-11-05 09:44:27","2020-11-05 09:44:27",NULL
"210","207","203","2020-11-05 09:44:27","2020-11-05 09:44:27",NULL
"211","208","204","2020-11-05 09:44:27","2020-11-05 09:44:27",NULL
"212","209","205","2020-11-05 09:44:27","2020-11-05 09:44:27",NULL
"213","210","206","2020-11-05 09:44:27","2020-11-05 09:44:27",NULL
"214","211","207","2020-11-05 09:44:27","2020-11-05 09:44:27",NULL
"215","212","208","2020-11-05 09:44:27","2020-11-05 09:44:27",NULL
"216","213","209","2020-11-05 09:44:27","2020-11-05 09:44:27",NULL
"217","214","210","2020-11-05 09:44:27","2020-11-05 09:44:27",NULL
"218","215","211","2020-11-05 09:44:27","2020-11-05 09:44:27",NULL
"219","216","212","2020-11-05 09:44:27","2020-11-05 09:44:27",NULL
"220","217","213","2020-11-05 09:44:28","2020-11-05 09:44:28",NULL
"221","218","214","2020-11-05 09:44:28","2020-11-05 09:44:28",NULL
"222","219","215","2020-11-05 09:44:28","2020-11-05 09:44:28",NULL
"223","220","216","2020-11-05 09:44:28","2020-11-05 09:44:28",NULL
"224","221","217","2020-11-05 09:44:28","2020-11-05 09:44:28",NULL
"225","222","218","2020-11-05 09:44:28","2020-11-05 09:44:28",NULL
"226","223","219","2020-11-05 09:44:28","2020-11-05 09:44:28",NULL
"227","224","220","2020-11-05 09:44:28","2020-11-05 09:44:28",NULL
"228","225","221","2020-11-05 09:44:28","2020-11-05 09:44:28",NULL
"229","226","222","2020-11-05 09:44:28","2020-11-05 09:44:28",NULL
"230","227","223","2020-11-05 09:44:28","2020-11-05 09:44:28",NULL
"231","228","224","2020-11-05 09:44:29","2020-11-05 09:44:29",NULL
"232","229","225","2020-11-05 09:44:29","2020-11-05 09:44:29",NULL
"233","230","226","2020-11-05 09:44:29","2020-11-05 09:44:29",NULL
"234","231","227","2020-11-05 09:44:29","2020-11-05 09:44:29",NULL
"235","232","90","2020-11-05 09:44:29","2020-11-05 09:44:29",NULL
"236","233","41","2020-11-05 09:44:29","2020-11-05 09:44:29",NULL
"237","234","228","2020-11-05 09:44:29","2020-11-05 09:44:29",NULL
"238","235","229","2020-11-05 09:44:29","2020-11-05 09:44:29",NULL
"239","236","230","2020-11-05 09:44:30","2020-11-05 09:44:30",NULL
"240","237","231","2020-11-05 09:44:30","2020-11-05 09:44:30",NULL
"241","238","232","2020-11-05 09:44:30","2020-11-05 09:44:30",NULL
"242","239","233","2020-11-05 09:44:30","2020-11-05 09:44:30",NULL
"243","240","146","2020-11-05 09:44:30","2020-11-05 09:44:30",NULL
"244","241","234","2020-11-05 09:44:30","2020-11-05 09:44:30",NULL
"245","242","235","2020-11-05 09:44:30","2020-11-05 09:44:30",NULL
"246","243","236","2020-11-05 09:44:30","2020-11-05 09:44:30",NULL
